,Single,Semi-Detached,Row,Apartment,All,year,month,quarter
1990-01-01,777.0,8.0,35.0,1615.0,2435.0,1990,1,1
1990-02-01,439.0,2.0,276.0,815.0,1532.0,1990,2,1
1990-03-01,502.0,0.0,37.0,1467.0,2006.0,1990,3,1
1990-04-01,716.0,36.0,190.0,898.0,1840.0,1990,4,2
1990-05-01,711.0,10.0,172.0,1091.0,1984.0,1990,5,2
1990-06-01,555.0,14.0,162.0,85.0,816.0,1990,6,2
1990-07-01,646.0,30.0,113.0,1540.0,2329.0,1990,7,3
1990-08-01,234.0,6.0,118.0,561.0,919.0,1990,8,3
1990-09-01,906.0,52.0,141.0,405.0,1504.0,1990,9,3
1990-10-01,628.0,4.0,229.0,256.0,1117.0,1990,10,4
1990-11-01,502.0,8.0,294.0,371.0,1175.0,1990,11,4
1990-12-01,451.0,10.0,100.0,505.0,1066.0,1990,12,4
1991-01-01,236.0,2.0,72.0,702.0,1012.0,1991,1,1
1991-02-01,183.0,0.0,171.0,303.0,657.0,1991,2,1
1991-03-01,418.0,2.0,98.0,159.0,677.0,1991,3,1
1991-04-01,640.0,4.0,352.0,495.0,1491.0,1991,4,2
1991-05-01,819.0,0.0,120.0,324.0,1263.0,1991,5,2
1991-06-01,1367.0,24.0,258.0,567.0,2216.0,1991,6,2
1991-07-01,1517.0,24.0,257.0,683.0,2481.0,1991,7,3
1991-08-01,1169.0,26.0,256.0,498.0,1949.0,1991,8,3
1991-09-01,915.0,70.0,342.0,1299.0,2626.0,1991,9,3
1991-10-01,885.0,40.0,575.0,235.0,1735.0,1991,10,4
1991-11-01,784.0,10.0,354.0,554.0,1702.0,1991,11,4
1991-12-01,526.0,4.0,175.0,300.0,1005.0,1991,12,4
1992-01-01,430.0,0.0,166.0,188.0,784.0,1992,1,1
1992-02-01,352.0,6.0,121.0,852.0,1331.0,1992,2,1
1992-03-01,405.0,10.0,88.0,797.0,1300.0,1992,3,1
1992-04-01,995.0,158.0,420.0,1041.0,2614.0,1992,4,2
1992-05-01,1025.0,52.0,345.0,1257.0,2679.0,1992,5,2
1992-06-01,947.0,70.0,179.0,346.0,1542.0,1992,6,2
1992-07-01,968.0,168.0,157.0,1599.0,2892.0,1992,7,3
1992-08-01,853.0,50.0,112.0,466.0,1481.0,1992,8,3
1992-09-01,765.0,18.0,299.0,838.0,1920.0,1992,9,3
1992-10-01,714.0,28.0,147.0,294.0,1183.0,1992,10,4
1992-11-01,796.0,166.0,227.0,431.0,1620.0,1992,11,4
1992-12-01,777.0,110.0,64.0,473.0,1424.0,1992,12,4
1993-01-01,501.0,116.0,28.0,2.0,647.0,1993,1,1
1993-02-01,543.0,62.0,263.0,174.0,1042.0,1993,2,1
1993-03-01,439.0,46.0,176.0,703.0,1364.0,1993,3,1
1993-04-01,876.0,44.0,75.0,476.0,1471.0,1993,4,2
1993-05-01,1038.0,18.0,247.0,528.0,1831.0,1993,5,2
1993-06-01,707.0,22.0,205.0,51.0,985.0,1993,6,2
1993-07-01,780.0,14.0,134.0,379.0,1307.0,1993,7,3
1993-08-01,636.0,56.0,288.0,2.0,982.0,1993,8,3
1993-09-01,606.0,98.0,211.0,374.0,1289.0,1993,9,3
1993-10-01,626.0,140.0,155.0,613.0,1534.0,1993,10,4
1993-11-01,597.0,150.0,180.0,1158.0,2085.0,1993,11,4
1993-12-01,688.0,112.0,76.0,224.0,1100.0,1993,12,4
1994-01-01,434.0,39.0,169.0,20.0,662.0,1994,1,1
1994-02-01,293.0,28.0,92.0,463.0,876.0,1994,2,1
1994-03-01,487.0,50.0,213.0,254.0,1004.0,1994,3,1
1994-04-01,975.0,234.0,290.0,351.0,1850.0,1994,4,2
1994-05-01,1035.0,130.0,139.0,37.0,1341.0,1994,5,2
1994-06-01,1012.0,232.0,127.0,237.0,1608.0,1994,6,2
1994-07-01,1232.0,130.0,216.0,543.0,2121.0,1994,7,3
1994-08-01,1130.0,70.0,432.0,187.0,1819.0,1994,8,3
1994-09-01,1179.0,202.0,216.0,453.0,2050.0,1994,9,3
1994-10-01,1343.0,148.0,297.0,637.0,2425.0,1994,10,4
1994-11-01,981.0,98.0,323.0,374.0,1776.0,1994,11,4
1994-12-01,710.0,48.0,78.0,75.0,911.0,1994,12,4
1995-01-01,446.0,34.0,190.0,284.0,954.0,1995,1,1
1995-02-01,456.0,2.0,246.0,475.0,1179.0,1995,2,1
1995-03-01,375.0,34.0,176.0,717.0,1302.0,1995,3,1
1995-04-01,669.0,130.0,394.0,360.0,1553.0,1995,4,2
1995-05-01,687.0,98.0,167.0,150.0,1102.0,1995,5,2
1995-06-01,875.0,80.0,183.0,485.0,1623.0,1995,6,2
1995-07-01,391.0,40.0,250.0,231.0,912.0,1995,7,3
1995-08-01,544.0,86.0,234.0,532.0,1396.0,1995,8,3
1995-09-01,621.0,162.0,265.0,395.0,1443.0,1995,9,3
1995-10-01,601.0,50.0,153.0,218.0,1022.0,1995,10,4
1995-11-01,590.0,116.0,643.0,619.0,1968.0,1995,11,4
1995-12-01,624.0,64.0,422.0,761.0,1871.0,1995,12,4
1996-01-01,522.0,12.0,164.0,340.0,1038.0,1996,1,1
1996-02-01,349.0,26.0,158.0,283.0,816.0,1996,2,1
1996-03-01,535.0,40.0,77.0,271.0,923.0,1996,3,1
1996-04-01,713.0,98.0,171.0,81.0,1063.0,1996,4,2
1996-05-01,1031.0,328.0,409.0,332.0,2100.0,1996,5,2
1996-06-01,1125.0,246.0,272.0,201.0,1844.0,1996,6,2
1996-07-01,1147.0,116.0,553.0,2.0,1818.0,1996,7,3
1996-08-01,847.0,154.0,405.0,0.0,1406.0,1996,8,3
1996-09-01,1034.0,118.0,505.0,686.0,2343.0,1996,9,3
1996-10-01,1053.0,136.0,477.0,121.0,1787.0,1996,10,4
1996-11-01,911.0,184.0,519.0,245.0,1859.0,1996,11,4
1996-12-01,885.0,154.0,346.0,616.0,2001.0,1996,12,4
1997-01-01,542.0,130.0,185.0,451.0,1308.0,1997,1,1
1997-02-01,840.0,208.0,260.0,178.0,1486.0,1997,2,1
1997-03-01,787.0,184.0,199.0,242.0,1412.0,1997,3,1
1997-04-01,1272.0,170.0,461.0,720.0,2623.0,1997,4,2
1997-05-01,1524.0,270.0,604.0,0.0,2398.0,1997,5,2
1997-06-01,1065.0,140.0,443.0,0.0,1648.0,1997,6,2
1997-07-01,1469.0,180.0,587.0,188.0,2424.0,1997,7,3
1997-08-01,1495.0,407.0,441.0,255.0,2598.0,1997,8,3
1997-09-01,1561.0,352.0,426.0,293.0,2632.0,1997,9,3
1997-10-01,1465.0,124.0,672.0,114.0,2375.0,1997,10,4
1997-11-01,1209.0,134.0,934.0,112.0,2389.0,1997,11,4
1997-12-01,974.0,320.0,357.0,630.0,2281.0,1997,12,4
1998-01-01,889.0,134.0,485.0,184.0,1692.0,1998,1,1
1998-02-01,817.0,132.0,408.0,81.0,1438.0,1998,2,1
1998-03-01,626.0,334.0,442.0,821.0,2223.0,1998,3,1
1998-04-01,1467.0,228.0,444.0,743.0,2882.0,1998,4,2
1998-05-01,1316.0,230.0,590.0,181.0,2317.0,1998,5,2
1998-06-01,987.0,158.0,334.0,140.0,1619.0,1998,6,2
1998-07-01,597.0,96.0,166.0,409.0,1268.0,1998,7,3
1998-08-01,1051.0,224.0,292.0,532.0,2099.0,1998,8,3
1998-09-01,1139.0,424.0,622.0,481.0,2666.0,1998,9,3
1998-10-01,1361.0,416.0,596.0,430.0,2803.0,1998,10,4
1998-11-01,1194.0,378.0,585.0,168.0,2325.0,1998,11,4
1998-12-01,1252.0,478.0,397.0,451.0,2578.0,1998,12,4
1999-01-01,666.0,420.0,166.0,327.0,1579.0,1999,1,1
1999-02-01,912.0,248.0,437.0,535.0,2132.0,1999,2,1
1999-03-01,874.0,290.0,437.0,720.0,2321.0,1999,3,1
1999-04-01,1564.0,512.0,286.0,1175.0,3537.0,1999,4,2
1999-05-01,1566.0,488.0,716.0,1248.0,4018.0,1999,5,2
1999-06-01,1481.0,526.0,344.0,663.0,3014.0,1999,6,2
1999-07-01,1514.0,272.0,399.0,331.0,2516.0,1999,7,3
1999-08-01,1390.0,344.0,415.0,1117.0,3266.0,1999,8,3
1999-09-01,1347.0,412.0,502.0,344.0,2605.0,1999,9,3
1999-10-01,1250.0,354.0,526.0,965.0,3095.0,1999,10,4
1999-11-01,1450.0,697.0,648.0,1038.0,3833.0,1999,11,4
1999-12-01,1521.0,370.0,897.0,200.0,2988.0,1999,12,4
2000-01-01,1058.0,416.0,342.0,0.0,1816.0,2000,1,1
2000-02-01,802.0,314.0,271.0,1576.0,2963.0,2000,2,1
2000-03-01,1180.0,288.0,327.0,630.0,2425.0,2000,3,1
2000-04-01,1870.0,732.0,722.0,968.0,4292.0,2000,4,2
2000-05-01,1487.0,372.0,384.0,358.0,2601.0,2000,5,2
2000-06-01,1531.0,382.0,310.0,366.0,2589.0,2000,6,2
2000-07-01,1585.0,678.0,695.0,1487.0,4445.0,2000,7,3
2000-08-01,1490.0,402.0,555.0,658.0,3105.0,2000,8,3
2000-09-01,1382.0,654.0,481.0,1216.0,3733.0,2000,9,3
2000-10-01,1421.0,482.0,688.0,1631.0,4222.0,2000,10,4
2000-11-01,1816.0,402.0,762.0,747.0,3727.0,2000,11,4
2000-12-01,1497.0,464.0,626.0,477.0,3064.0,2000,12,4
2001-01-01,1134.0,482.0,222.0,1307.0,3145.0,2001,1,1
2001-02-01,876.0,444.0,241.0,668.0,2229.0,2001,2,1
2001-03-01,1057.0,474.0,420.0,876.0,2827.0,2001,3,1
2001-04-01,1506.0,550.0,468.0,1337.0,3861.0,2001,4,2
2001-05-01,1464.0,462.0,367.0,1613.0,3906.0,2001,5,2
2001-06-01,1535.0,514.0,487.0,1394.0,3930.0,2001,6,2
2001-07-01,1112.0,416.0,333.0,449.0,2310.0,2001,7,3
2001-08-01,1671.0,638.0,703.0,1571.0,4583.0,2001,8,3
2001-09-01,1316.0,500.0,312.0,994.0,3122.0,2001,9,3
2001-10-01,2027.0,290.0,524.0,958.0,3799.0,2001,10,4
2001-11-01,1823.0,470.0,454.0,1242.0,3989.0,2001,11,4
2001-12-01,1323.0,376.0,528.0,1089.0,3316.0,2001,12,4
2002-01-01,1120.0,606.0,414.0,1957.0,4097.0,2002,1,1
2002-02-01,1055.0,364.0,339.0,753.0,2511.0,2002,2,1
2002-03-01,1441.0,436.0,333.0,854.0,3064.0,2002,3,1
2002-04-01,1964.0,446.0,665.0,804.0,3879.0,2002,4,2
2002-05-01,2254.0,486.0,582.0,233.0,3555.0,2002,5,2
2002-06-01,2256.0,420.0,707.0,122.0,3505.0,2002,6,2
2002-07-01,2150.0,626.0,609.0,1330.0,4715.0,2002,7,3
2002-08-01,2135.0,414.0,585.0,954.0,4088.0,2002,8,3
2002-09-01,1811.0,304.0,537.0,527.0,3179.0,2002,9,3
2002-10-01,2524.0,614.0,534.0,538.0,4210.0,2002,10,4
2002-11-01,1677.0,190.0,395.0,1964.0,4226.0,2002,11,4
2002-12-01,1728.0,302.0,494.0,252.0,2776.0,2002,12,4
2003-01-01,926.0,204.0,349.0,448.0,1927.0,2003,1,1
2003-02-01,1002.0,290.0,251.0,3233.0,4776.0,2003,2,1
2003-03-01,1031.0,382.0,267.0,1360.0,3040.0,2003,3,1
2003-04-01,1828.0,312.0,491.0,819.0,3450.0,2003,4,2
2003-05-01,2004.0,507.0,570.0,818.0,3899.0,2003,5,2
2003-06-01,2160.0,478.0,335.0,978.0,3951.0,2003,6,2
2003-07-01,1988.0,575.0,614.0,812.0,3989.0,2003,7,3
2003-08-01,1757.0,482.0,649.0,1316.0,4204.0,2003,8,3
2003-09-01,1701.0,376.0,687.0,1366.0,4130.0,2003,9,3
2003-10-01,1993.0,330.0,686.0,3061.0,6070.0,2003,10,4
2003-11-01,1758.0,558.0,583.0,259.0,3158.0,2003,11,4
2003-12-01,1478.0,292.0,267.0,844.0,2881.0,2003,12,4
2004-01-01,824.0,274.0,308.0,130.0,1536.0,2004,1,1
2004-02-01,1129.0,178.0,359.0,130.0,1796.0,2004,2,1
2004-03-01,1458.0,228.0,461.0,1352.0,3499.0,2004,3,1
2004-04-01,1620.0,310.0,515.0,1741.0,4186.0,2004,4,2
2004-05-01,2268.0,496.0,784.0,643.0,4191.0,2004,5,2
2004-06-01,1835.0,394.0,511.0,1534.0,4274.0,2004,6,2
2004-07-01,2050.0,308.0,590.0,311.0,3259.0,2004,7,3
2004-08-01,1945.0,240.0,449.0,2924.0,5558.0,2004,8,3
2004-09-01,1611.0,266.0,450.0,1236.0,3563.0,2004,9,3
2004-10-01,1825.0,276.0,605.0,1818.0,4524.0,2004,10,4
2004-11-01,1385.0,376.0,397.0,1017.0,3175.0,2004,11,4
2004-12-01,1126.0,180.0,444.0,804.0,2554.0,2004,12,4
2005-01-01,886.0,212.0,335.0,248.0,1681.0,2005,1,1
2005-02-01,767.0,242.0,604.0,683.0,2296.0,2005,2,1
2005-03-01,900.0,116.0,399.0,1526.0,2941.0,2005,3,1
2005-04-01,1855.0,470.0,407.0,1716.0,4448.0,2005,4,2
2005-05-01,1748.0,348.0,570.0,647.0,3313.0,2005,5,2
2005-06-01,1698.0,330.0,936.0,2325.0,5289.0,2005,6,2
2005-07-01,1408.0,296.0,836.0,3407.0,5947.0,2005,7,3
2005-08-01,1270.0,226.0,606.0,811.0,2913.0,2005,8,3
2005-09-01,1393.0,486.0,265.0,770.0,2914.0,2005,9,3
2005-10-01,1357.0,161.0,337.0,495.0,2350.0,2005,10,4
2005-11-01,1152.0,284.0,849.0,1818.0,4103.0,2005,11,4
2005-12-01,1363.0,204.0,372.0,1462.0,3401.0,2005,12,4
2006-01-01,956.0,218.0,449.0,1037.0,2660.0,2006,1,1
2006-02-01,841.0,210.0,488.0,0.0,1539.0,2006,2,1
2006-03-01,828.0,138.0,415.0,1710.0,3091.0,2006,3,1
2006-04-01,1061.0,314.0,426.0,1446.0,3247.0,2006,4,2
2006-05-01,1320.0,370.0,358.0,1609.0,3657.0,2006,5,2
2006-06-01,1487.0,216.0,661.0,2194.0,4558.0,2006,6,2
2006-07-01,1386.0,158.0,557.0,1525.0,3626.0,2006,7,3
2006-08-01,1231.0,296.0,337.0,1142.0,3006.0,2006,8,3
2006-09-01,1296.0,174.0,151.0,497.0,2118.0,2006,9,3
2006-10-01,1387.0,182.0,326.0,1820.0,3715.0,2006,10,4
2006-11-01,1252.0,354.0,501.0,1274.0,3381.0,2006,11,4
2006-12-01,1075.0,262.0,508.0,637.0,2482.0,2006,12,4
2007-01-01,1169.0,338.0,578.0,389.0,2474.0,2007,1,1
2007-02-01,599.0,118.0,199.0,290.0,1206.0,2007,2,1
2007-03-01,715.0,190.0,309.0,691.0,1905.0,2007,3,1
2007-04-01,1113.0,246.0,582.0,953.0,2894.0,2007,4,2
2007-05-01,1350.0,332.0,882.0,961.0,3525.0,2007,5,2
2007-06-01,1546.0,326.0,478.0,617.0,2967.0,2007,6,2
2007-07-01,1655.0,186.0,691.0,719.0,3251.0,2007,7,3
2007-08-01,1319.0,210.0,433.0,901.0,2863.0,2007,8,3
2007-09-01,1245.0,256.0,267.0,1841.0,3609.0,2007,9,3
2007-10-01,1331.0,196.0,192.0,1611.0,3330.0,2007,10,4
2007-11-01,1801.0,362.0,409.0,1279.0,3851.0,2007,11,4
2007-12-01,926.0,104.0,260.0,128.0,1418.0,2007,12,4
2008-01-01,922.0,128.0,454.0,1101.0,2605.0,2008,1,1
2008-02-01,784.0,114.0,140.0,1866.0,2904.0,2008,2,1
2008-03-01,801.0,132.0,354.0,2149.0,3436.0,2008,3,1
2008-04-01,1102.0,168.0,428.0,1886.0,3584.0,2008,4,2
2008-05-01,1313.0,194.0,455.0,1515.0,3477.0,2008,5,2
2008-06-01,1070.0,254.0,477.0,2822.0,4623.0,2008,6,2
2008-07-01,968.0,266.0,431.0,498.0,2163.0,2008,7,3
2008-08-01,1092.0,208.0,505.0,3160.0,4965.0,2008,8,3
2008-09-01,816.0,238.0,347.0,3207.0,4608.0,2008,9,3
2008-10-01,978.0,132.0,378.0,2932.0,4420.0,2008,10,4
2008-11-01,725.0,292.0,320.0,1525.0,2862.0,2008,11,4
2008-12-01,737.0,236.0,323.0,1269.0,2565.0,2008,12,4
2009-01-01,451.0,224.0,202.0,679.0,1556.0,2009,1,1
2009-02-01,364.0,50.0,183.0,830.0,1427.0,2009,2,1
2009-03-01,303.0,156.0,189.0,2273.0,2921.0,2009,3,1
2009-04-01,440.0,126.0,248.0,493.0,1307.0,2009,4,2
2009-05-01,682.0,232.0,217.0,800.0,1931.0,2009,5,2
2009-06-01,633.0,154.0,181.0,1433.0,2401.0,2009,6,2
2009-07-01,686.0,208.0,220.0,615.0,1729.0,2009,7,3
2009-08-01,558.0,142.0,195.0,1235.0,2130.0,2009,8,3
2009-09-01,906.0,228.0,252.0,1467.0,2853.0,2009,9,3
2009-10-01,1009.0,136.0,304.0,2159.0,3608.0,2009,10,4
2009-11-01,1044.0,236.0,400.0,687.0,2367.0,2009,11,4
2009-12-01,1054.0,140.0,327.0,198.0,1719.0,2009,12,4
2010-01-01,947.0,130.0,185.0,193.0,1455.0,2010,1,1
2010-02-01,703.0,78.0,271.0,1390.0,2442.0,2010,2,1
2010-03-01,730.0,58.0,299.0,685.0,1772.0,2010,3,1
2010-04-01,743.0,224.0,413.0,1283.0,2663.0,2010,4,2
2010-05-01,897.0,128.0,409.0,1493.0,2927.0,2010,5,2
2010-06-01,921.0,66.0,277.0,1108.0,2372.0,2010,6,2
2010-07-01,874.0,112.0,374.0,918.0,2278.0,2010,7,3
2010-08-01,835.0,254.0,647.0,1171.0,2907.0,2010,8,3
2010-09-01,771.0,112.0,332.0,1445.0,2660.0,2010,9,3
2010-10-01,705.0,104.0,452.0,521.0,1782.0,2010,10,4
2010-11-01,1051.0,268.0,486.0,2559.0,4364.0,2010,11,4
2010-12-01,759.0,120.0,220.0,474.0,1573.0,2010,12,4
2011-01-01,788.0,154.0,102.0,983.0,2027.0,2011,1,1
2011-02-01,607.0,194.0,289.0,1819.0,2909.0,2011,2,1
2011-03-01,516.0,68.0,314.0,2543.0,3441.0,2011,3,1
2011-04-01,773.0,216.0,286.0,2947.0,4222.0,2011,4,2
2011-05-01,785.0,108.0,293.0,1984.0,3170.0,2011,5,2
2011-06-01,1347.0,260.0,484.0,1759.0,3850.0,2011,6,2
2011-07-01,1049.0,114.0,233.0,2841.0,4237.0,2011,7,3
2011-08-01,1030.0,174.0,430.0,1533.0,3167.0,2011,8,3
2011-09-01,900.0,136.0,216.0,1491.0,2743.0,2011,9,3
2011-10-01,1129.0,232.0,808.0,1878.0,4047.0,2011,10,4
2011-11-01,1249.0,146.0,541.0,631.0,2567.0,2011,11,4
2011-12-01,1074.0,208.0,235.0,1848.0,3365.0,2011,12,4
2012-01-01,718.0,94.0,584.0,2415.0,3811.0,2012,1,1
2012-02-01,561.0,330.0,314.0,1094.0,2299.0,2012,2,1
2012-03-01,605.0,182.0,517.0,3268.0,4572.0,2012,3,1
2012-04-01,963.0,170.0,534.0,4012.0,5679.0,2012,4,2
2012-05-01,879.0,172.0,451.0,1979.0,3481.0,2012,5,2
2012-06-01,960.0,115.0,414.0,2087.0,3576.0,2012,6,2
2012-07-01,1033.0,204.0,628.0,2539.0,4404.0,2012,7,3
2012-08-01,1008.0,348.0,472.0,3620.0,5448.0,2012,8,3
2012-09-01,981.0,94.0,576.0,1696.0,3347.0,2012,9,3
2012-10-01,1058.0,136.0,478.0,2251.0,3923.0,2012,10,4
2012-11-01,957.0,250.0,273.0,1818.0,3298.0,2012,11,4
2012-12-01,976.0,158.0,295.0,2838.0,4267.0,2012,12,4
2013-01-01,510.0,240.0,144.0,418.0,1312.0,2013,1,1
2013-02-01,602.0,126.0,114.0,2437.0,3279.0,2013,2,1
2013-03-01,579.0,44.0,434.0,1047.0,2104.0,2013,3,1
2013-04-01,996.0,226.0,296.0,737.0,2255.0,2013,4,2
2013-05-01,919.0,192.0,528.0,1719.0,3358.0,2013,5,2
2013-06-01,955.0,202.0,316.0,1496.0,2969.0,2013,6,2
2013-07-01,842.0,146.0,425.0,1279.0,2692.0,2013,7,3
2013-08-01,758.0,158.0,543.0,1959.0,3418.0,2013,8,3
2013-09-01,790.0,126.0,183.0,1025.0,2124.0,2013,9,3
2013-10-01,832.0,138.0,434.0,2655.0,4059.0,2013,10,4
2013-11-01,836.0,206.0,382.0,1790.0,3214.0,2013,11,4
2013-12-01,802.0,70.0,304.0,1587.0,2763.0,2013,12,4
2014-01-01,623.0,52.0,336.0,1871.0,2882.0,2014,1,1
2014-02-01,343.0,46.0,177.0,2435.0,3001.0,2014,2,1
2014-03-01,370.0,140.0,214.0,483.0,1207.0,2014,3,1
2014-04-01,615.0,162.0,506.0,1752.0,3035.0,2014,4,2
2014-05-01,993.0,260.0,436.0,1492.0,3181.0,2014,5,2
2014-06-01,943.0,178.0,420.0,801.0,2342.0,2014,6,2
2014-07-01,960.0,166.0,310.0,1877.0,3313.0,2014,7,3
2014-08-01,834.0,130.0,352.0,727.0,2043.0,2014,8,3
2014-09-01,697.0,124.0,183.0,261.0,1265.0,2014,9,3
2014-10-01,906.0,118.0,334.0,913.0,2271.0,2014,10,4
2014-11-01,856.0,102.0,436.0,736.0,2130.0,2014,11,4
2014-12-01,690.0,52.0,157.0,1360.0,2259.0,2014,12,4
2015-01-01,440.0,66.0,183.0,2285.0,2974.0,2015,1,1
2015-02-01,358.0,44.0,193.0,1062.0,1657.0,2015,2,1
2015-03-01,370.0,74.0,179.0,2982.0,3605.0,2015,3,1
2015-04-01,893.0,158.0,435.0,1794.0,3280.0,2015,4,2
2015-05-01,1060.0,36.0,876.0,3017.0,4989.0,2015,5,2
2015-06-01,1020.0,72.0,496.0,1130.0,2718.0,2015,6,2
2015-07-01,915.0,80.0,436.0,652.0,2083.0,2015,7,3
2015-08-01,1084.0,206.0,431.0,3808.0,5529.0,2015,8,3
2015-09-01,1022.0,34.0,389.0,3443.0,4888.0,2015,9,3
2015-10-01,1043.0,146.0,328.0,1871.0,3388.0,2015,10,4
2015-11-01,1011.0,84.0,635.0,3313.0,5043.0,2015,11,4
2015-12-01,1007.0,106.0,552.0,468.0,2133.0,2015,12,4
2016-01-01,643.0,72.0,262.0,866.0,1843.0,2016,1,1
2016-02-01,731.0,28.0,194.0,2449.0,3402.0,2016,2,1
2016-03-01,551.0,30.0,420.0,3166.0,4167.0,2016,3,1
2016-04-01,742.0,82.0,499.0,1777.0,3100.0,2016,4,2
2016-05-01,934.0,102.0,433.0,1452.0,2921.0,2016,5,2
2016-06-01,1086.0,136.0,295.0,2531.0,4048.0,2016,6,2
2016-07-01,1140.0,76.0,424.0,1859.0,3499.0,2016,7,3
2016-08-01,1183.0,56.0,452.0,1855.0,3546.0,2016,8,3
2016-09-01,1001.0,104.0,547.0,917.0,2569.0,2016,9,3
2016-10-01,1215.0,126.0,477.0,2386.0,4204.0,2016,10,4
2016-11-01,1308.0,38.0,530.0,867.0,2743.0,2016,11,4
2016-12-01,1350.0,48.0,392.0,1195.0,2985.0,2016,12,4
2017-01-01,871.0,60.0,479.0,2600.0,4010.0,2017,1,1
2017-02-01,790.0,80.0,377.0,1294.0,2541.0,2017,2,1
2017-03-01,654.0,118.0,816.0,2256.0,3844.0,2017,3,1
2017-04-01,915.0,144.0,524.0,1684.0,3267.0,2017,4,2
2017-05-01,651.0,112.0,293.0,891.0,1947.0,2017,5,2
2017-06-01,1059.0,132.0,437.0,1539.0,3167.0,2017,6,2
2017-07-01,928.0,180.0,1010.0,1674.0,3792.0,2017,7,3
2017-08-01,887.0,68.0,679.0,2978.0,4612.0,2017,8,3
2017-09-01,1080.0,256.0,643.0,1001.0,2980.0,2017,9,3
2017-10-01,684.0,106.0,493.0,1155.0,2438.0,2017,10,4
2017-11-01,886.0,102.0,820.0,2092.0,3900.0,2017,11,4
2017-12-01,767.0,52.0,411.0,1010.0,2240.0,2017,12,4
2018-01-01,543.0,198.0,232.0,2175.0,3148.0,2018,1,1
2018-02-01,394.0,36.0,204.0,5043.0,5677.0,2018,2,1
2018-03-01,501.0,70.0,233.0,2073.0,2877.0,2018,3,1
2018-04-01,520.0,26.0,253.0,1359.0,2158.0,2018,4,2
2018-05-01,833.0,32.0,320.0,890.0,2075.0,2018,5,2
2018-06-01,600.0,60.0,417.0,3639.0,4716.0,2018,6,2
2018-07-01,491.0,38.0,192.0,2642.0,3363.0,2018,7,3
2018-08-01,523.0,10.0,316.0,1645.0,2494.0,2018,8,3
2018-09-01,509.0,280.0,422.0,2359.0,3570.0,2018,9,3
2018-10-01,403.0,78.0,537.0,2701.0,3719.0,2018,10,4
2018-11-01,548.0,40.0,515.0,3013.0,4116.0,2018,11,4
2018-12-01,540.0,58.0,496.0,2100.0,3194.0,2018,12,4
2019-01-01,243.0,24.0,511.0,2407.0,3185.0,2019,1,1
2019-02-01,183.0,46.0,355.0,1002.0,1586.0,2019,2,1
2019-03-01,98.0,24.0,157.0,2341.0,2620.0,2019,3,1
2019-04-01,234.0,38.0,602.0,2280.0,3154.0,2019,4,2
2019-05-01,371.0,14.0,182.0,1171.0,1738.0,2019,5,2
2019-06-01,555.0,42.0,229.0,2189.0,3015.0,2019,6,2
2019-07-01,456.0,53.0,246.0,2016.0,2771.0,2019,7,3
2019-08-01,557.0,44.0,575.0,1955.0,3131.0,2019,8,3
2019-09-01,330.0,86.0,402.0,1931.0,2749.0,2019,9,3
2019-10-01,404.0,24.0,189.0,2045.0,2662.0,2019,10,4
2019-11-01,371.0,50.0,299.0,1317.0,2037.0,2019,11,4
2019-12-01,407.0,14.0,204.0,1189.0,1814.0,2019,12,4
2020-01-01,406.0,32.0,206.0,1874.0,2518.0,2020,1,1
2020-02-01,230.0,54.0,189.0,1933.0,2406.0,2020,2,1
2020-03-01,386.0,24.0,358.0,1148.0,1916.0,2020,3,1
2020-04-01,182.0,42.0,232.0,4606.0,5062.0,2020,4,2
2020-05-01,530.0,130.0,322.0,1576.0,2558.0,2020,5,2
2020-06-01,652.0,105.0,450.0,2263.0,3470.0,2020,6,2
2020-07-01,652.0,16.0,380.0,3073.0,4121.0,2020,7,3
2020-08-01,491.0,28.0,357.0,4367.0,5243.0,2020,8,3
2020-09-01,654.0,62.0,305.0,1770.0,2791.0,2020,9,3
2020-10-01,714.0,60.0,238.0,1989.0,3001.0,2020,10,4
2020-11-01,522.0,194.0,631.0,1566.0,2913.0,2020,11,4
2020-12-01,429.0,56.0,205.0,1898.0,2588.0,2020,12,4
2021-01-01,338.0,72.0,139.0,2362.0,2911.0,2021,1,1
2021-02-01,456.0,16.0,116.0,1017.0,1605.0,2021,2,1
2021-03-01,505.0,56.0,636.0,3912.0,5109.0,2021,3,1
2021-04-01,613.0,122.0,148.0,1919.0,2802.0,2021,4,2
2021-05-01,599.0,76.0,267.0,1714.0,2656.0,2021,5,2
2021-06-01,590.0,38.0,277.0,2225.0,3130.0,2021,6,2
2021-07-01,861.0,64.0,539.0,2591.0,4055.0,2021,7,3
2021-08-01,776.0,52.0,414.0,2787.0,4029.0,2021,8,3
2021-09-01,494.0,32.0,422.0,3664.0,4612.0,2021,9,3
2021-10-01,539.0,112.0,228.0,1765.0,2644.0,2021,10,4
2021-11-01,688.0,74.0,591.0,4587.0,5940.0,2021,11,4
2021-12-01,461.0,72.0,178.0,1694.0,2405.0,2021,12,4
2022-01-01,478.0,44.0,398.0,723.0,1643.0,2022,1,1
2022-02-01,418.0,58.0,413.0,4226.0,5115.0,2022,2,1
2022-03-01,546.0,64.0,422.0,2131.0,3163.0,2022,3,1
2022-04-01,521.0,40.0,450.0,1031.0,2042.0,2022,4,2
2022-05-01,432.0,80.0,654.0,2145.0,3311.0,2022,5,2
2022-06-01,466.0,54.0,554.0,3172.0,4246.0,2022,6,2
2022-07-01,533.0,20.0,413.0,2449.0,3415.0,2022,7,3
2022-08-01,689.0,26.0,797.0,3023.0,4535.0,2022,8,3
2022-09-01,499.0,72.0,317.0,4542.0,5430.0,2022,9,3
2022-10-01,496.0,32.0,266.0,2064.0,2858.0,2022,10,4
2022-11-01,686.0,22.0,619.0,2172.0,3499.0,2022,11,4
2022-12-01,565.0,2.0,345.0,4940.0,5852.0,2022,12,4
2023-01-01,390.0,4.0,247.0,2054.0,2695.0,2023,1,1
2023-02-01,468.0,14.0,283.0,3461.0,4226.0,2023,2,1
2023-03-01,402.0,32.0,512.0,2236.0,3182.0,2023,3,1
2023-04-01,316.0,6.0,256.0,4364.0,4942.0,2023,4,2
2023-05-01,325.0,42.0,380.0,2805.0,3552.0,2023,5,2
2023-06-01,370.0,18.0,503.0,6280.0,7171.0,2023,6,2
2023-07-01,472.0,14.0,560.0,4154.0,5200.0,2023,7,3
2023-08-01,390.0,68.0,589.0,3090.0,4137.0,2023,8,3
2023-09-01,406.0,36.0,676.0,3757.0,4875.0,2023,9,3
2023-10-01,434.0,22.0,288.0,2964.0,3708.0,2023,10,4
2023-11-01,419.0,56.0,392.0,1437.0,2304.0,2023,11,4
2023-12-01,329.0,16.0,174.0,917.0,1436.0,2023,12,4
2024-01-01,281.0,6.0,384.0,3334.0,4005.0,2024,1,1
